robot_at,rover,cell_0_0
right,cell_0_0,cell_1_0
empty,cell_1_0
act_right,rover,cell_0_0,cell_1_0
robot_at,rover,cell_1_0
empty,cell_0_0
tank_at,tank1,cell_2_0
right,cell_1_0,cell_2_0
act_inspect_right,rover,cell_1_0,cell_2_0,tank1
inspected,tank1
down,cell_1_0,cell_1_1
empty,cell_1_1
act_down,rover,cell_1_0,cell_1_1
robot_at,rover,cell_1_1
empty,cell_1_0
down,cell_1_1,cell_1_2
empty,cell_1_2
act_down,rover,cell_1_1,cell_1_2
robot_at,rover,cell_1_2
empty,cell_1_1
tank_at,tank2,cell_2_2
right,cell_1_2,cell_2_2
act_inspect_right,rover,cell_1_2,cell_2_2,tank2
inspected,tank2
robot_at,rover,cell_0_1
right,cell_0_1,cell_1_1
empty,cell_1_1
act_right,rover,cell_0_1,cell_1_1
robot_at,rover,cell_1_1
empty,cell_0_1
tank_at,tank1,cell_2_1
right,cell_1_1,cell_2_1
act_inspect_right,rover,cell_1_1,cell_2_1,tank1
inspected,tank1
down,cell_1_1,cell_1_2
empty,cell_1_2
act_down,rover,cell_1_1,cell_1_2
robot_at,rover,cell_1_2
empty,cell_1_1
down,cell_1_2,cell_1_3
empty,cell_1_3
act_down,rover,cell_1_2,cell_1_3
robot_at,rover,cell_1_3
empty,cell_1_2
tank_at,tank2,cell_2_3
right,cell_1_3,cell_2_3
act_inspect_right,rover,cell_1_3,cell_2_3,tank2
inspected,tank2
robot_at,rover,cell_0_2
right,cell_0_2,cell_1_2
empty,cell_1_2
act_right,rover,cell_0_2,cell_1_2
robot_at,rover,cell_1_2
empty,cell_0_2
tank_at,tank1,cell_2_2
right,cell_1_2,cell_2_2
act_inspect_right,rover,cell_1_2,cell_2_2,tank1
inspected,tank1
down,cell_1_2,cell_1_3
empty,cell_1_3
act_down,rover,cell_1_2,cell_1_3
robot_at,rover,cell_1_3
empty,cell_1_2
down,cell_1_3,cell_1_4
empty,cell_1_4
act_down,rover,cell_1_3,cell_1_4
robot_at,rover,cell_1_4
empty,cell_1_3
tank_at,tank2,cell_2_4
right,cell_1_4,cell_2_4
act_inspect_right,rover,cell_1_4,cell_2_4,tank2
inspected,tank2
robot_at,rover,cell_0_3
right,cell_0_3,cell_1_3
empty,cell_1_3
act_right,rover,cell_0_3,cell_1_3
robot_at,rover,cell_1_3
empty,cell_0_3
tank_at,tank1,cell_2_3
right,cell_1_3,cell_2_3
act_inspect_right,rover,cell_1_3,cell_2_3,tank1
inspected,tank1
down,cell_1_3,cell_1_4
empty,cell_1_4
act_down,rover,cell_1_3,cell_1_4
robot_at,rover,cell_1_4
empty,cell_1_3
down,cell_1_4,cell_1_5
empty,cell_1_5
act_down,rover,cell_1_4,cell_1_5
robot_at,rover,cell_1_5
empty,cell_1_4
tank_at,tank2,cell_2_5
right,cell_1_5,cell_2_5
act_inspect_right,rover,cell_1_5,cell_2_5,tank2
inspected,tank2
robot_at,rover,cell_0_4
right,cell_0_4,cell_1_4
empty,cell_1_4
act_right,rover,cell_0_4,cell_1_4
robot_at,rover,cell_1_4
empty,cell_0_4
tank_at,tank1,cell_2_4
right,cell_1_4,cell_2_4
act_inspect_right,rover,cell_1_4,cell_2_4,tank1
inspected,tank1
down,cell_1_4,cell_1_5
empty,cell_1_5
act_down,rover,cell_1_4,cell_1_5
robot_at,rover,cell_1_5
empty,cell_1_4
down,cell_1_5,cell_1_6
empty,cell_1_6
act_down,rover,cell_1_5,cell_1_6
robot_at,rover,cell_1_6
empty,cell_1_5
tank_at,tank2,cell_2_6
right,cell_1_6,cell_2_6
act_inspect_right,rover,cell_1_6,cell_2_6,tank2
inspected,tank2
robot_at,rover,cell_0_5
right,cell_0_5,cell_1_5
empty,cell_1_5
act_right,rover,cell_0_5,cell_1_5
robot_at,rover,cell_1_5
empty,cell_0_5
tank_at,tank1,cell_2_5
right,cell_1_5,cell_2_5
act_inspect_right,rover,cell_1_5,cell_2_5,tank1
inspected,tank1
down,cell_1_5,cell_1_6
empty,cell_1_6
act_down,rover,cell_1_5,cell_1_6
robot_at,rover,cell_1_6
empty,cell_1_5
down,cell_1_6,cell_1_7
empty,cell_1_7
act_down,rover,cell_1_6,cell_1_7
robot_at,rover,cell_1_7
empty,cell_1_6
tank_at,tank2,cell_2_7
right,cell_1_7,cell_2_7
act_inspect_right,rover,cell_1_7,cell_2_7,tank2
inspected,tank2
robot_at,rover,cell_0_6
right,cell_0_6,cell_1_6
empty,cell_1_6
act_right,rover,cell_0_6,cell_1_6
robot_at,rover,cell_1_6
empty,cell_0_6
tank_at,tank1,cell_2_6
right,cell_1_6,cell_2_6
act_inspect_right,rover,cell_1_6,cell_2_6,tank1
inspected,tank1
down,cell_1_6,cell_1_7
empty,cell_1_7
act_down,rover,cell_1_6,cell_1_7
robot_at,rover,cell_1_7
empty,cell_1_6
down,cell_1_7,cell_1_8
empty,cell_1_8
act_down,rover,cell_1_7,cell_1_8
robot_at,rover,cell_1_8
empty,cell_1_7
tank_at,tank2,cell_2_8
right,cell_1_8,cell_2_8
act_inspect_right,rover,cell_1_8,cell_2_8,tank2
inspected,tank2
robot_at,rover,cell_0_7
right,cell_0_7,cell_1_7
empty,cell_1_7
act_right,rover,cell_0_7,cell_1_7
robot_at,rover,cell_1_7
empty,cell_0_7
tank_at,tank1,cell_2_7
right,cell_1_7,cell_2_7
act_inspect_right,rover,cell_1_7,cell_2_7,tank1
inspected,tank1
down,cell_1_7,cell_1_8
empty,cell_1_8
act_down,rover,cell_1_7,cell_1_8
robot_at,rover,cell_1_8
empty,cell_1_7
down,cell_1_8,cell_1_9
empty,cell_1_9
act_down,rover,cell_1_8,cell_1_9
robot_at,rover,cell_1_9
empty,cell_1_8
tank_at,tank2,cell_2_9
right,cell_1_9,cell_2_9
act_inspect_right,rover,cell_1_9,cell_2_9,tank2
inspected,tank2
robot_at,rover,cell_0_8
right,cell_0_8,cell_1_8
empty,cell_1_8
act_right,rover,cell_0_8,cell_1_8
robot_at,rover,cell_1_8
empty,cell_0_8
tank_at,tank1,cell_2_8
right,cell_1_8,cell_2_8
act_inspect_right,rover,cell_1_8,cell_2_8,tank1
inspected,tank1
down,cell_1_8,cell_1_9
empty,cell_1_9
act_down,rover,cell_1_8,cell_1_9
robot_at,rover,cell_1_9
empty,cell_1_8
down,cell_1_9,cell_1_10
empty,cell_1_10
act_down,rover,cell_1_9,cell_1_10
robot_at,rover,cell_1_10
empty,cell_1_9
tank_at,tank2,cell_2_10
right,cell_1_10,cell_2_10
act_inspect_right,rover,cell_1_10,cell_2_10,tank2
inspected,tank2
robot_at,rover,cell_0_9
right,cell_0_9,cell_1_9
empty,cell_1_9
act_right,rover,cell_0_9,cell_1_9
robot_at,rover,cell_1_9
empty,cell_0_9
tank_at,tank1,cell_2_9
right,cell_1_9,cell_2_9
act_inspect_right,rover,cell_1_9,cell_2_9,tank1
inspected,tank1
down,cell_1_9,cell_1_10
empty,cell_1_10
act_down,rover,cell_1_9,cell_1_10
robot_at,rover,cell_1_10
empty,cell_1_9
down,cell_1_10,cell_1_11
empty,cell_1_11
act_down,rover,cell_1_10,cell_1_11
robot_at,rover,cell_1_11
empty,cell_1_10
tank_at,tank2,cell_2_11
right,cell_1_11,cell_2_11
act_inspect_right,rover,cell_1_11,cell_2_11,tank2
inspected,tank2
robot_at,rover,cell_0_10
right,cell_0_10,cell_1_10
empty,cell_1_10
act_right,rover,cell_0_10,cell_1_10
robot_at,rover,cell_1_10
empty,cell_0_10
tank_at,tank1,cell_2_10
right,cell_1_10,cell_2_10
act_inspect_right,rover,cell_1_10,cell_2_10,tank1
inspected,tank1
down,cell_1_10,cell_1_11
empty,cell_1_11
act_down,rover,cell_1_10,cell_1_11
robot_at,rover,cell_1_11
empty,cell_1_10
down,cell_1_11,cell_1_12
empty,cell_1_12
act_down,rover,cell_1_11,cell_1_12
robot_at,rover,cell_1_12
empty,cell_1_11
tank_at,tank2,cell_2_12
right,cell_1_12,cell_2_12
act_inspect_right,rover,cell_1_12,cell_2_12,tank2
inspected,tank2
robot_at,rover,cell_0_11
right,cell_0_11,cell_1_11
empty,cell_1_11
act_right,rover,cell_0_11,cell_1_11
robot_at,rover,cell_1_11
empty,cell_0_11
tank_at,tank1,cell_2_11
right,cell_1_11,cell_2_11
act_inspect_right,rover,cell_1_11,cell_2_11,tank1
inspected,tank1
down,cell_1_11,cell_1_12
empty,cell_1_12
act_down,rover,cell_1_11,cell_1_12
robot_at,rover,cell_1_12
empty,cell_1_11
down,cell_1_12,cell_1_13
empty,cell_1_13
act_down,rover,cell_1_12,cell_1_13
robot_at,rover,cell_1_13
empty,cell_1_12
tank_at,tank2,cell_2_13
right,cell_1_13,cell_2_13
act_inspect_right,rover,cell_1_13,cell_2_13,tank2
inspected,tank2
robot_at,rover,cell_0_12
right,cell_0_12,cell_1_12
empty,cell_1_12
act_right,rover,cell_0_12,cell_1_12
robot_at,rover,cell_1_12
empty,cell_0_12
tank_at,tank1,cell_2_12
right,cell_1_12,cell_2_12
act_inspect_right,rover,cell_1_12,cell_2_12,tank1
inspected,tank1
down,cell_1_12,cell_1_13
empty,cell_1_13
act_down,rover,cell_1_12,cell_1_13
robot_at,rover,cell_1_13
empty,cell_1_12
down,cell_1_13,cell_1_14
empty,cell_1_14
act_down,rover,cell_1_13,cell_1_14
robot_at,rover,cell_1_14
empty,cell_1_13
tank_at,tank2,cell_2_14
right,cell_1_14,cell_2_14
act_inspect_right,rover,cell_1_14,cell_2_14,tank2
inspected,tank2
robot_at,rover,cell_0_13
right,cell_0_13,cell_1_13
empty,cell_1_13
act_right,rover,cell_0_13,cell_1_13
robot_at,rover,cell_1_13
empty,cell_0_13
tank_at,tank1,cell_2_13
right,cell_1_13,cell_2_13
act_inspect_right,rover,cell_1_13,cell_2_13,tank1
inspected,tank1
down,cell_1_13,cell_1_14
empty,cell_1_14
act_down,rover,cell_1_13,cell_1_14
robot_at,rover,cell_1_14
empty,cell_1_13
down,cell_1_14,cell_1_15
empty,cell_1_15
act_down,rover,cell_1_14,cell_1_15
robot_at,rover,cell_1_15
empty,cell_1_14
tank_at,tank2,cell_2_15
right,cell_1_15,cell_2_15
act_inspect_right,rover,cell_1_15,cell_2_15,tank2
inspected,tank2
robot_at,rover,cell_0_14
right,cell_0_14,cell_1_14
empty,cell_1_14
act_right,rover,cell_0_14,cell_1_14
robot_at,rover,cell_1_14
empty,cell_0_14
tank_at,tank1,cell_2_14
right,cell_1_14,cell_2_14
act_inspect_right,rover,cell_1_14,cell_2_14,tank1
inspected,tank1
down,cell_1_14,cell_1_15
empty,cell_1_15
act_down,rover,cell_1_14,cell_1_15
robot_at,rover,cell_1_15
empty,cell_1_14
down,cell_1_15,cell_1_16
empty,cell_1_16
act_down,rover,cell_1_15,cell_1_16
robot_at,rover,cell_1_16
empty,cell_1_15
tank_at,tank2,cell_2_16
right,cell_1_16,cell_2_16
act_inspect_right,rover,cell_1_16,cell_2_16,tank2
inspected,tank2
robot_at,rover,cell_0_15
right,cell_0_15,cell_1_15
empty,cell_1_15
act_right,rover,cell_0_15,cell_1_15
robot_at,rover,cell_1_15
empty,cell_0_15
tank_at,tank1,cell_2_15
right,cell_1_15,cell_2_15
act_inspect_right,rover,cell_1_15,cell_2_15,tank1
inspected,tank1
down,cell_1_15,cell_1_16
empty,cell_1_16
act_down,rover,cell_1_15,cell_1_16
robot_at,rover,cell_1_16
empty,cell_1_15
down,cell_1_16,cell_1_17
empty,cell_1_17
act_down,rover,cell_1_16,cell_1_17
robot_at,rover,cell_1_17
empty,cell_1_16
tank_at,tank2,cell_2_17
right,cell_1_17,cell_2_17
act_inspect_right,rover,cell_1_17,cell_2_17,tank2
inspected,tank2
robot_at,rover,cell_0_16
right,cell_0_16,cell_1_16
empty,cell_1_16
act_right,rover,cell_0_16,cell_1_16
robot_at,rover,cell_1_16
empty,cell_0_16
tank_at,tank1,cell_2_16
right,cell_1_16,cell_2_16
act_inspect_right,rover,cell_1_16,cell_2_16,tank1
inspected,tank1
down,cell_1_16,cell_1_17
empty,cell_1_17
act_down,rover,cell_1_16,cell_1_17
robot_at,rover,cell_1_17
empty,cell_1_16
down,cell_1_17,cell_1_18
empty,cell_1_18
act_down,rover,cell_1_17,cell_1_18
robot_at,rover,cell_1_18
empty,cell_1_17
tank_at,tank2,cell_2_18
right,cell_1_18,cell_2_18
act_inspect_right,rover,cell_1_18,cell_2_18,tank2
inspected,tank2
robot_at,rover,cell_0_17
right,cell_0_17,cell_1_17
empty,cell_1_17
act_right,rover,cell_0_17,cell_1_17
robot_at,rover,cell_1_17
empty,cell_0_17
tank_at,tank1,cell_2_17
right,cell_1_17,cell_2_17
act_inspect_right,rover,cell_1_17,cell_2_17,tank1
inspected,tank1
down,cell_1_17,cell_1_18
empty,cell_1_18
act_down,rover,cell_1_17,cell_1_18
robot_at,rover,cell_1_18
empty,cell_1_17
down,cell_1_18,cell_1_19
empty,cell_1_19
act_down,rover,cell_1_18,cell_1_19
robot_at,rover,cell_1_19
empty,cell_1_18
tank_at,tank2,cell_2_19
right,cell_1_19,cell_2_19
act_inspect_right,rover,cell_1_19,cell_2_19,tank2
inspected,tank2
robot_at,rover,cell_0_18
right,cell_0_18,cell_1_18
empty,cell_1_18
act_right,rover,cell_0_18,cell_1_18
robot_at,rover,cell_1_18
empty,cell_0_18
tank_at,tank1,cell_2_18
right,cell_1_18,cell_2_18
act_inspect_right,rover,cell_1_18,cell_2_18,tank1
inspected,tank1
down,cell_1_18,cell_1_19
empty,cell_1_19
act_down,rover,cell_1_18,cell_1_19
robot_at,rover,cell_1_19
empty,cell_1_18
down,cell_1_19,cell_1_20
empty,cell_1_20
act_down,rover,cell_1_19,cell_1_20
robot_at,rover,cell_1_20
empty,cell_1_19
tank_at,tank2,cell_2_20
right,cell_1_20,cell_2_20
act_inspect_right,rover,cell_1_20,cell_2_20,tank2
inspected,tank2
robot_at,rover,cell_0_19
right,cell_0_19,cell_1_19
empty,cell_1_19
act_right,rover,cell_0_19,cell_1_19
robot_at,rover,cell_1_19
empty,cell_0_19
tank_at,tank1,cell_2_19
right,cell_1_19,cell_2_19
act_inspect_right,rover,cell_1_19,cell_2_19,tank1
inspected,tank1
down,cell_1_19,cell_1_20
empty,cell_1_20
act_down,rover,cell_1_19,cell_1_20
robot_at,rover,cell_1_20
empty,cell_1_19
down,cell_1_20,cell_1_21
empty,cell_1_21
act_down,rover,cell_1_20,cell_1_21
robot_at,rover,cell_1_21
empty,cell_1_20
tank_at,tank2,cell_2_21
right,cell_1_21,cell_2_21
act_inspect_right,rover,cell_1_21,cell_2_21,tank2
inspected,tank2
robot_at,rover,cell_0_20
right,cell_0_20,cell_1_20
empty,cell_1_20
act_right,rover,cell_0_20,cell_1_20
robot_at,rover,cell_1_20
empty,cell_0_20
tank_at,tank1,cell_2_20
right,cell_1_20,cell_2_20
act_inspect_right,rover,cell_1_20,cell_2_20,tank1
inspected,tank1
down,cell_1_20,cell_1_21
empty,cell_1_21
act_down,rover,cell_1_20,cell_1_21
robot_at,rover,cell_1_21
empty,cell_1_20
down,cell_1_21,cell_1_22
empty,cell_1_22
act_down,rover,cell_1_21,cell_1_22
robot_at,rover,cell_1_22
empty,cell_1_21
tank_at,tank2,cell_2_22
right,cell_1_22,cell_2_22
act_inspect_right,rover,cell_1_22,cell_2_22,tank2
inspected,tank2
robot_at,rover,cell_0_21
right,cell_0_21,cell_1_21
empty,cell_1_21
act_right,rover,cell_0_21,cell_1_21
robot_at,rover,cell_1_21
empty,cell_0_21
tank_at,tank1,cell_2_21
right,cell_1_21,cell_2_21
act_inspect_right,rover,cell_1_21,cell_2_21,tank1
inspected,tank1
down,cell_1_21,cell_1_22
empty,cell_1_22
act_down,rover,cell_1_21,cell_1_22
robot_at,rover,cell_1_22
empty,cell_1_21
down,cell_1_22,cell_1_23
empty,cell_1_23
act_down,rover,cell_1_22,cell_1_23
robot_at,rover,cell_1_23
empty,cell_1_22
tank_at,tank2,cell_2_23
right,cell_1_23,cell_2_23
act_inspect_right,rover,cell_1_23,cell_2_23,tank2
inspected,tank2
robot_at,rover,cell_0_22
right,cell_0_22,cell_1_22
empty,cell_1_22
act_right,rover,cell_0_22,cell_1_22
robot_at,rover,cell_1_22
empty,cell_0_22
tank_at,tank1,cell_2_22
right,cell_1_22,cell_2_22
act_inspect_right,rover,cell_1_22,cell_2_22,tank1
inspected,tank1
down,cell_1_22,cell_1_23
empty,cell_1_23
act_down,rover,cell_1_22,cell_1_23
robot_at,rover,cell_1_23
empty,cell_1_22
down,cell_1_23,cell_1_24
empty,cell_1_24
act_down,rover,cell_1_23,cell_1_24
robot_at,rover,cell_1_24
empty,cell_1_23
tank_at,tank2,cell_2_24
right,cell_1_24,cell_2_24
act_inspect_right,rover,cell_1_24,cell_2_24,tank2
inspected,tank2
robot_at,rover,cell_0_23
right,cell_0_23,cell_1_23
empty,cell_1_23
act_right,rover,cell_0_23,cell_1_23
robot_at,rover,cell_1_23
empty,cell_0_23
tank_at,tank1,cell_2_23
right,cell_1_23,cell_2_23
act_inspect_right,rover,cell_1_23,cell_2_23,tank1
inspected,tank1
down,cell_1_23,cell_1_24
empty,cell_1_24
act_down,rover,cell_1_23,cell_1_24
robot_at,rover,cell_1_24
empty,cell_1_23
down,cell_1_24,cell_1_25
empty,cell_1_25
act_down,rover,cell_1_24,cell_1_25
robot_at,rover,cell_1_25
empty,cell_1_24
tank_at,tank2,cell_2_25
right,cell_1_25,cell_2_25
act_inspect_right,rover,cell_1_25,cell_2_25,tank2
inspected,tank2
robot_at,rover,cell_0_24
right,cell_0_24,cell_1_24
empty,cell_1_24
act_right,rover,cell_0_24,cell_1_24
robot_at,rover,cell_1_24
empty,cell_0_24
tank_at,tank1,cell_2_24
right,cell_1_24,cell_2_24
act_inspect_right,rover,cell_1_24,cell_2_24,tank1
inspected,tank1
down,cell_1_24,cell_1_25
empty,cell_1_25
act_down,rover,cell_1_24,cell_1_25
robot_at,rover,cell_1_25
empty,cell_1_24
down,cell_1_25,cell_1_26
empty,cell_1_26
act_down,rover,cell_1_25,cell_1_26
robot_at,rover,cell_1_26
empty,cell_1_25
tank_at,tank2,cell_2_26
right,cell_1_26,cell_2_26
act_inspect_right,rover,cell_1_26,cell_2_26,tank2
inspected,tank2
robot_at,rover,cell_0_25
right,cell_0_25,cell_1_25
empty,cell_1_25
act_right,rover,cell_0_25,cell_1_25
robot_at,rover,cell_1_25
empty,cell_0_25
tank_at,tank1,cell_2_25
right,cell_1_25,cell_2_25
act_inspect_right,rover,cell_1_25,cell_2_25,tank1
inspected,tank1
down,cell_1_25,cell_1_26
empty,cell_1_26
act_down,rover,cell_1_25,cell_1_26
robot_at,rover,cell_1_26
empty,cell_1_25
down,cell_1_26,cell_1_27
empty,cell_1_27
act_down,rover,cell_1_26,cell_1_27
robot_at,rover,cell_1_27
empty,cell_1_26
tank_at,tank2,cell_2_27
right,cell_1_27,cell_2_27
act_inspect_right,rover,cell_1_27,cell_2_27,tank2
inspected,tank2
robot_at,rover,cell_0_26
right,cell_0_26,cell_1_26
empty,cell_1_26
act_right,rover,cell_0_26,cell_1_26
robot_at,rover,cell_1_26
empty,cell_0_26
tank_at,tank1,cell_2_26
right,cell_1_26,cell_2_26
act_inspect_right,rover,cell_1_26,cell_2_26,tank1
inspected,tank1
down,cell_1_26,cell_1_27
empty,cell_1_27
act_down,rover,cell_1_26,cell_1_27
robot_at,rover,cell_1_27
empty,cell_1_26
down,cell_1_27,cell_1_28
empty,cell_1_28
act_down,rover,cell_1_27,cell_1_28
robot_at,rover,cell_1_28
empty,cell_1_27
tank_at,tank2,cell_2_28
right,cell_1_28,cell_2_28
act_inspect_right,rover,cell_1_28,cell_2_28,tank2
inspected,tank2
robot_at,rover,cell_0_27
right,cell_0_27,cell_1_27
empty,cell_1_27
act_right,rover,cell_0_27,cell_1_27
robot_at,rover,cell_1_27
empty,cell_0_27
tank_at,tank1,cell_2_27
right,cell_1_27,cell_2_27
act_inspect_right,rover,cell_1_27,cell_2_27,tank1
inspected,tank1
down,cell_1_27,cell_1_28
empty,cell_1_28
act_down,rover,cell_1_27,cell_1_28
robot_at,rover,cell_1_28
empty,cell_1_27
down,cell_1_28,cell_1_29
empty,cell_1_29
act_down,rover,cell_1_28,cell_1_29
robot_at,rover,cell_1_29
empty,cell_1_28
tank_at,tank2,cell_2_29
right,cell_1_29,cell_2_29
act_inspect_right,rover,cell_1_29,cell_2_29,tank2
inspected,tank2
robot_at,rover,cell_0_28
right,cell_0_28,cell_1_28
empty,cell_1_28
act_right,rover,cell_0_28,cell_1_28
robot_at,rover,cell_1_28
empty,cell_0_28
tank_at,tank1,cell_2_28
right,cell_1_28,cell_2_28
act_inspect_right,rover,cell_1_28,cell_2_28,tank1
inspected,tank1
down,cell_1_28,cell_1_29
empty,cell_1_29
act_down,rover,cell_1_28,cell_1_29
robot_at,rover,cell_1_29
empty,cell_1_28
down,cell_1_29,cell_1_30
empty,cell_1_30
act_down,rover,cell_1_29,cell_1_30
robot_at,rover,cell_1_30
empty,cell_1_29
tank_at,tank2,cell_2_30
right,cell_1_30,cell_2_30
act_inspect_right,rover,cell_1_30,cell_2_30,tank2
inspected,tank2
robot_at,rover,cell_0_29
right,cell_0_29,cell_1_29
empty,cell_1_29
act_right,rover,cell_0_29,cell_1_29
robot_at,rover,cell_1_29
empty,cell_0_29
tank_at,tank1,cell_2_29
right,cell_1_29,cell_2_29
act_inspect_right,rover,cell_1_29,cell_2_29,tank1
inspected,tank1
down,cell_1_29,cell_1_30
empty,cell_1_30
act_down,rover,cell_1_29,cell_1_30
robot_at,rover,cell_1_30
empty,cell_1_29
down,cell_1_30,cell_1_31
empty,cell_1_31
act_down,rover,cell_1_30,cell_1_31
robot_at,rover,cell_1_31
empty,cell_1_30
tank_at,tank2,cell_2_31
right,cell_1_31,cell_2_31
act_inspect_right,rover,cell_1_31,cell_2_31,tank2
inspected,tank2
robot_at,rover,cell_0_30
right,cell_0_30,cell_1_30
empty,cell_1_30
act_right,rover,cell_0_30,cell_1_30
robot_at,rover,cell_1_30
empty,cell_0_30
tank_at,tank1,cell_2_30
right,cell_1_30,cell_2_30
act_inspect_right,rover,cell_1_30,cell_2_30,tank1
inspected,tank1
down,cell_1_30,cell_1_31
empty,cell_1_31
act_down,rover,cell_1_30,cell_1_31
robot_at,rover,cell_1_31
empty,cell_1_30
down,cell_1_31,cell_1_32
empty,cell_1_32
act_down,rover,cell_1_31,cell_1_32
robot_at,rover,cell_1_32
empty,cell_1_31
tank_at,tank2,cell_2_32
right,cell_1_32,cell_2_32
act_inspect_right,rover,cell_1_32,cell_2_32,tank2
inspected,tank2
robot_at,rover,cell_0_31
right,cell_0_31,cell_1_31
empty,cell_1_31
act_right,rover,cell_0_31,cell_1_31
robot_at,rover,cell_1_31
empty,cell_0_31
tank_at,tank1,cell_2_31
right,cell_1_31,cell_2_31
act_inspect_right,rover,cell_1_31,cell_2_31,tank1
inspected,tank1
down,cell_1_31,cell_1_32
empty,cell_1_32
act_down,rover,cell_1_31,cell_1_32
robot_at,rover,cell_1_32
empty,cell_1_31
down,cell_1_32,cell_1_33
empty,cell_1_33
act_down,rover,cell_1_32,cell_1_33
robot_at,rover,cell_1_33
empty,cell_1_32
tank_at,tank2,cell_2_33
right,cell_1_33,cell_2_33
act_inspect_right,rover,cell_1_33,cell_2_33,tank2
inspected,tank2
robot_at,rover,cell_0_32
right,cell_0_32,cell_1_32
empty,cell_1_32
act_right,rover,cell_0_32,cell_1_32
robot_at,rover,cell_1_32
empty,cell_0_32
tank_at,tank1,cell_2_32
right,cell_1_32,cell_2_32
act_inspect_right,rover,cell_1_32,cell_2_32,tank1
inspected,tank1
down,cell_1_32,cell_1_33
empty,cell_1_33
act_down,rover,cell_1_32,cell_1_33
robot_at,rover,cell_1_33
empty,cell_1_32
down,cell_1_33,cell_1_34
empty,cell_1_34
act_down,rover,cell_1_33,cell_1_34
robot_at,rover,cell_1_34
empty,cell_1_33
tank_at,tank2,cell_2_34
right,cell_1_34,cell_2_34
act_inspect_right,rover,cell_1_34,cell_2_34,tank2
inspected,tank2
robot_at,rover,cell_0_33
right,cell_0_33,cell_1_33
empty,cell_1_33
act_right,rover,cell_0_33,cell_1_33
robot_at,rover,cell_1_33
empty,cell_0_33
tank_at,tank1,cell_2_33
right,cell_1_33,cell_2_33
act_inspect_right,rover,cell_1_33,cell_2_33,tank1
inspected,tank1
down,cell_1_33,cell_1_34
empty,cell_1_34
act_down,rover,cell_1_33,cell_1_34
robot_at,rover,cell_1_34
empty,cell_1_33
down,cell_1_34,cell_1_35
empty,cell_1_35
act_down,rover,cell_1_34,cell_1_35
robot_at,rover,cell_1_35
empty,cell_1_34
tank_at,tank2,cell_2_35
right,cell_1_35,cell_2_35
act_inspect_right,rover,cell_1_35,cell_2_35,tank2
inspected,tank2
robot_at,rover,cell_0_34
right,cell_0_34,cell_1_34
empty,cell_1_34
act_right,rover,cell_0_34,cell_1_34
robot_at,rover,cell_1_34
empty,cell_0_34
tank_at,tank1,cell_2_34
right,cell_1_34,cell_2_34
act_inspect_right,rover,cell_1_34,cell_2_34,tank1
inspected,tank1
down,cell_1_34,cell_1_35
empty,cell_1_35
act_down,rover,cell_1_34,cell_1_35
robot_at,rover,cell_1_35
empty,cell_1_34
down,cell_1_35,cell_1_36
empty,cell_1_36
act_down,rover,cell_1_35,cell_1_36
robot_at,rover,cell_1_36
empty,cell_1_35
tank_at,tank2,cell_2_36
right,cell_1_36,cell_2_36
act_inspect_right,rover,cell_1_36,cell_2_36,tank2
inspected,tank2
robot_at,rover,cell_0_35
right,cell_0_35,cell_1_35
empty,cell_1_35
act_right,rover,cell_0_35,cell_1_35
robot_at,rover,cell_1_35
empty,cell_0_35
tank_at,tank1,cell_2_35
right,cell_1_35,cell_2_35
act_inspect_right,rover,cell_1_35,cell_2_35,tank1
inspected,tank1
down,cell_1_35,cell_1_36
empty,cell_1_36
act_down,rover,cell_1_35,cell_1_36
robot_at,rover,cell_1_36
empty,cell_1_35
down,cell_1_36,cell_1_37
empty,cell_1_37
act_down,rover,cell_1_36,cell_1_37
robot_at,rover,cell_1_37
empty,cell_1_36
tank_at,tank2,cell_2_37
right,cell_1_37,cell_2_37
act_inspect_right,rover,cell_1_37,cell_2_37,tank2
inspected,tank2
robot_at,rover,cell_0_36
right,cell_0_36,cell_1_36
empty,cell_1_36
act_right,rover,cell_0_36,cell_1_36
robot_at,rover,cell_1_36
empty,cell_0_36
tank_at,tank1,cell_2_36
right,cell_1_36,cell_2_36
act_inspect_right,rover,cell_1_36,cell_2_36,tank1
inspected,tank1
down,cell_1_36,cell_1_37
empty,cell_1_37
act_down,rover,cell_1_36,cell_1_37
robot_at,rover,cell_1_37
empty,cell_1_36
down,cell_1_37,cell_1_38
empty,cell_1_38
act_down,rover,cell_1_37,cell_1_38
robot_at,rover,cell_1_38
empty,cell_1_37
tank_at,tank2,cell_2_38
right,cell_1_38,cell_2_38
act_inspect_right,rover,cell_1_38,cell_2_38,tank2
inspected,tank2
robot_at,rover,cell_0_37
right,cell_0_37,cell_1_37
empty,cell_1_37
act_right,rover,cell_0_37,cell_1_37
robot_at,rover,cell_1_37
empty,cell_0_37
tank_at,tank1,cell_2_37
right,cell_1_37,cell_2_37
act_inspect_right,rover,cell_1_37,cell_2_37,tank1
inspected,tank1
down,cell_1_37,cell_1_38
empty,cell_1_38
act_down,rover,cell_1_37,cell_1_38
robot_at,rover,cell_1_38
empty,cell_1_37
down,cell_1_38,cell_1_39
empty,cell_1_39
act_down,rover,cell_1_38,cell_1_39
robot_at,rover,cell_1_39
empty,cell_1_38
tank_at,tank2,cell_2_39
right,cell_1_39,cell_2_39
act_inspect_right,rover,cell_1_39,cell_2_39,tank2
inspected,tank2
robot_at,rover,cell_0_38
right,cell_0_38,cell_1_38
empty,cell_1_38
act_right,rover,cell_0_38,cell_1_38
robot_at,rover,cell_1_38
empty,cell_0_38
tank_at,tank1,cell_2_38
right,cell_1_38,cell_2_38
act_inspect_right,rover,cell_1_38,cell_2_38,tank1
inspected,tank1
down,cell_1_38,cell_1_39
empty,cell_1_39
act_down,rover,cell_1_38,cell_1_39
robot_at,rover,cell_1_39
empty,cell_1_38
down,cell_1_39,cell_1_40
empty,cell_1_40
act_down,rover,cell_1_39,cell_1_40
robot_at,rover,cell_1_40
empty,cell_1_39
tank_at,tank2,cell_2_40
right,cell_1_40,cell_2_40
act_inspect_right,rover,cell_1_40,cell_2_40,tank2
inspected,tank2
robot_at,rover,cell_0_39
right,cell_0_39,cell_1_39
empty,cell_1_39
act_right,rover,cell_0_39,cell_1_39
robot_at,rover,cell_1_39
empty,cell_0_39
tank_at,tank1,cell_2_39
right,cell_1_39,cell_2_39
act_inspect_right,rover,cell_1_39,cell_2_39,tank1
inspected,tank1
down,cell_1_39,cell_1_40
empty,cell_1_40
act_down,rover,cell_1_39,cell_1_40
robot_at,rover,cell_1_40
empty,cell_1_39
down,cell_1_40,cell_1_41
empty,cell_1_41
act_down,rover,cell_1_40,cell_1_41
robot_at,rover,cell_1_41
empty,cell_1_40
tank_at,tank2,cell_2_41
right,cell_1_41,cell_2_41
act_inspect_right,rover,cell_1_41,cell_2_41,tank2
inspected,tank2
robot_at,rover,cell_0_40
right,cell_0_40,cell_1_40
empty,cell_1_40
act_right,rover,cell_0_40,cell_1_40
robot_at,rover,cell_1_40
empty,cell_0_40
tank_at,tank1,cell_2_40
right,cell_1_40,cell_2_40
act_inspect_right,rover,cell_1_40,cell_2_40,tank1
inspected,tank1
down,cell_1_40,cell_1_41
empty,cell_1_41
act_down,rover,cell_1_40,cell_1_41
robot_at,rover,cell_1_41
empty,cell_1_40
down,cell_1_41,cell_1_42
empty,cell_1_42
act_down,rover,cell_1_41,cell_1_42
robot_at,rover,cell_1_42
empty,cell_1_41
tank_at,tank2,cell_2_42
right,cell_1_42,cell_2_42
act_inspect_right,rover,cell_1_42,cell_2_42,tank2
inspected,tank2
robot_at,rover,cell_0_41
right,cell_0_41,cell_1_41
empty,cell_1_41
act_right,rover,cell_0_41,cell_1_41
robot_at,rover,cell_1_41
empty,cell_0_41
tank_at,tank1,cell_2_41
right,cell_1_41,cell_2_41
act_inspect_right,rover,cell_1_41,cell_2_41,tank1
inspected,tank1
down,cell_1_41,cell_1_42
empty,cell_1_42
act_down,rover,cell_1_41,cell_1_42
robot_at,rover,cell_1_42
empty,cell_1_41
down,cell_1_42,cell_1_43
empty,cell_1_43
act_down,rover,cell_1_42,cell_1_43
robot_at,rover,cell_1_43
empty,cell_1_42
tank_at,tank2,cell_2_43
right,cell_1_43,cell_2_43
act_inspect_right,rover,cell_1_43,cell_2_43,tank2
inspected,tank2
robot_at,rover,cell_0_42
right,cell_0_42,cell_1_42
empty,cell_1_42
act_right,rover,cell_0_42,cell_1_42
robot_at,rover,cell_1_42
empty,cell_0_42
tank_at,tank1,cell_2_42
right,cell_1_42,cell_2_42
act_inspect_right,rover,cell_1_42,cell_2_42,tank1
inspected,tank1
down,cell_1_42,cell_1_43
empty,cell_1_43
act_down,rover,cell_1_42,cell_1_43
robot_at,rover,cell_1_43
empty,cell_1_42
down,cell_1_43,cell_1_44
empty,cell_1_44
act_down,rover,cell_1_43,cell_1_44
robot_at,rover,cell_1_44
empty,cell_1_43
tank_at,tank2,cell_2_44
right,cell_1_44,cell_2_44
act_inspect_right,rover,cell_1_44,cell_2_44,tank2
inspected,tank2
robot_at,rover,cell_0_43
right,cell_0_43,cell_1_43
empty,cell_1_43
act_right,rover,cell_0_43,cell_1_43
robot_at,rover,cell_1_43
empty,cell_0_43
tank_at,tank1,cell_2_43
right,cell_1_43,cell_2_43
act_inspect_right,rover,cell_1_43,cell_2_43,tank1
inspected,tank1
down,cell_1_43,cell_1_44
empty,cell_1_44
act_down,rover,cell_1_43,cell_1_44
robot_at,rover,cell_1_44
empty,cell_1_43
down,cell_1_44,cell_1_45
empty,cell_1_45
act_down,rover,cell_1_44,cell_1_45
robot_at,rover,cell_1_45
empty,cell_1_44
tank_at,tank2,cell_2_45
right,cell_1_45,cell_2_45
act_inspect_right,rover,cell_1_45,cell_2_45,tank2
inspected,tank2
robot_at,rover,cell_0_44
right,cell_0_44,cell_1_44
empty,cell_1_44
act_right,rover,cell_0_44,cell_1_44
robot_at,rover,cell_1_44
empty,cell_0_44
tank_at,tank1,cell_2_44
right,cell_1_44,cell_2_44
act_inspect_right,rover,cell_1_44,cell_2_44,tank1
inspected,tank1
down,cell_1_44,cell_1_45
empty,cell_1_45
act_down,rover,cell_1_44,cell_1_45
robot_at,rover,cell_1_45
empty,cell_1_44
down,cell_1_45,cell_1_46
empty,cell_1_46
act_down,rover,cell_1_45,cell_1_46
robot_at,rover,cell_1_46
empty,cell_1_45
tank_at,tank2,cell_2_46
right,cell_1_46,cell_2_46
act_inspect_right,rover,cell_1_46,cell_2_46,tank2
inspected,tank2
robot_at,rover,cell_0_45
right,cell_0_45,cell_1_45
empty,cell_1_45
act_right,rover,cell_0_45,cell_1_45
robot_at,rover,cell_1_45
empty,cell_0_45
tank_at,tank1,cell_2_45
right,cell_1_45,cell_2_45
act_inspect_right,rover,cell_1_45,cell_2_45,tank1
inspected,tank1
down,cell_1_45,cell_1_46
empty,cell_1_46
act_down,rover,cell_1_45,cell_1_46
robot_at,rover,cell_1_46
empty,cell_1_45
down,cell_1_46,cell_1_47
empty,cell_1_47
act_down,rover,cell_1_46,cell_1_47
robot_at,rover,cell_1_47
empty,cell_1_46
tank_at,tank2,cell_2_47
right,cell_1_47,cell_2_47
act_inspect_right,rover,cell_1_47,cell_2_47,tank2
inspected,tank2
robot_at,rover,cell_0_46
right,cell_0_46,cell_1_46
empty,cell_1_46
act_right,rover,cell_0_46,cell_1_46
robot_at,rover,cell_1_46
empty,cell_0_46
tank_at,tank1,cell_2_46
right,cell_1_46,cell_2_46
act_inspect_right,rover,cell_1_46,cell_2_46,tank1
inspected,tank1
down,cell_1_46,cell_1_47
empty,cell_1_47
act_down,rover,cell_1_46,cell_1_47
robot_at,rover,cell_1_47
empty,cell_1_46
down,cell_1_47,cell_1_48
empty,cell_1_48
act_down,rover,cell_1_47,cell_1_48
robot_at,rover,cell_1_48
empty,cell_1_47
tank_at,tank2,cell_2_48
right,cell_1_48,cell_2_48
act_inspect_right,rover,cell_1_48,cell_2_48,tank2
inspected,tank2
robot_at,rover,cell_0_47
right,cell_0_47,cell_1_47
empty,cell_1_47
act_right,rover,cell_0_47,cell_1_47
robot_at,rover,cell_1_47
empty,cell_0_47
tank_at,tank1,cell_2_47
right,cell_1_47,cell_2_47
act_inspect_right,rover,cell_1_47,cell_2_47,tank1
inspected,tank1
down,cell_1_47,cell_1_48
empty,cell_1_48
act_down,rover,cell_1_47,cell_1_48
robot_at,rover,cell_1_48
empty,cell_1_47
down,cell_1_48,cell_1_49
empty,cell_1_49
act_down,rover,cell_1_48,cell_1_49
robot_at,rover,cell_1_49
empty,cell_1_48
tank_at,tank2,cell_2_49
right,cell_1_49,cell_2_49
act_inspect_right,rover,cell_1_49,cell_2_49,tank2
inspected,tank2
robot_at,rover,cell_0_48
right,cell_0_48,cell_1_48
empty,cell_1_48
act_right,rover,cell_0_48,cell_1_48
robot_at,rover,cell_1_48
empty,cell_0_48
tank_at,tank1,cell_2_48
right,cell_1_48,cell_2_48
act_inspect_right,rover,cell_1_48,cell_2_48,tank1
inspected,tank1
down,cell_1_48,cell_1_49
empty,cell_1_49
act_down,rover,cell_1_48,cell_1_49
robot_at,rover,cell_1_49
empty,cell_1_48
down,cell_1_49,cell_1_50
empty,cell_1_50
act_down,rover,cell_1_49,cell_1_50
robot_at,rover,cell_1_50
empty,cell_1_49
tank_at,tank2,cell_2_50
right,cell_1_50,cell_2_50
act_inspect_right,rover,cell_1_50,cell_2_50,tank2
inspected,tank2
robot_at,rover,cell_0_49
right,cell_0_49,cell_1_49
empty,cell_1_49
act_right,rover,cell_0_49,cell_1_49
robot_at,rover,cell_1_49
empty,cell_0_49
tank_at,tank1,cell_2_49
right,cell_1_49,cell_2_49
act_inspect_right,rover,cell_1_49,cell_2_49,tank1
inspected,tank1
down,cell_1_49,cell_1_50
empty,cell_1_50
act_down,rover,cell_1_49,cell_1_50
robot_at,rover,cell_1_50
empty,cell_1_49
down,cell_1_50,cell_1_51
empty,cell_1_51
act_down,rover,cell_1_50,cell_1_51
robot_at,rover,cell_1_51
empty,cell_1_50
tank_at,tank2,cell_2_51
right,cell_1_51,cell_2_51
act_inspect_right,rover,cell_1_51,cell_2_51,tank2
inspected,tank2
robot_at,rover,cell_0_50
right,cell_0_50,cell_1_50
empty,cell_1_50
act_right,rover,cell_0_50,cell_1_50
robot_at,rover,cell_1_50
empty,cell_0_50
tank_at,tank1,cell_2_50
right,cell_1_50,cell_2_50
act_inspect_right,rover,cell_1_50,cell_2_50,tank1
inspected,tank1
down,cell_1_50,cell_1_51
empty,cell_1_51
act_down,rover,cell_1_50,cell_1_51
robot_at,rover,cell_1_51
empty,cell_1_50
down,cell_1_51,cell_1_52
empty,cell_1_52
act_down,rover,cell_1_51,cell_1_52
robot_at,rover,cell_1_52
empty,cell_1_51
tank_at,tank2,cell_2_52
right,cell_1_52,cell_2_52
act_inspect_right,rover,cell_1_52,cell_2_52,tank2
inspected,tank2
robot_at,rover,cell_0_51
right,cell_0_51,cell_1_51
empty,cell_1_51
act_right,rover,cell_0_51,cell_1_51
robot_at,rover,cell_1_51
empty,cell_0_51
tank_at,tank1,cell_2_51
right,cell_1_51,cell_2_51
act_inspect_right,rover,cell_1_51,cell_2_51,tank1
inspected,tank1
down,cell_1_51,cell_1_52
empty,cell_1_52
act_down,rover,cell_1_51,cell_1_52
robot_at,rover,cell_1_52
empty,cell_1_51
down,cell_1_52,cell_1_53
empty,cell_1_53
act_down,rover,cell_1_52,cell_1_53
robot_at,rover,cell_1_53
empty,cell_1_52
tank_at,tank2,cell_2_53
right,cell_1_53,cell_2_53
act_inspect_right,rover,cell_1_53,cell_2_53,tank2
inspected,tank2
robot_at,rover,cell_0_52
right,cell_0_52,cell_1_52
empty,cell_1_52
act_right,rover,cell_0_52,cell_1_52
robot_at,rover,cell_1_52
empty,cell_0_52
tank_at,tank1,cell_2_52
right,cell_1_52,cell_2_52
act_inspect_right,rover,cell_1_52,cell_2_52,tank1
inspected,tank1
down,cell_1_52,cell_1_53
empty,cell_1_53
act_down,rover,cell_1_52,cell_1_53
robot_at,rover,cell_1_53
empty,cell_1_52
down,cell_1_53,cell_1_54
empty,cell_1_54
act_down,rover,cell_1_53,cell_1_54
robot_at,rover,cell_1_54
empty,cell_1_53
tank_at,tank2,cell_2_54
right,cell_1_54,cell_2_54
act_inspect_right,rover,cell_1_54,cell_2_54,tank2
inspected,tank2
robot_at,rover,cell_0_53
right,cell_0_53,cell_1_53
empty,cell_1_53
act_right,rover,cell_0_53,cell_1_53
robot_at,rover,cell_1_53
empty,cell_0_53
tank_at,tank1,cell_2_53
right,cell_1_53,cell_2_53
act_inspect_right,rover,cell_1_53,cell_2_53,tank1
inspected,tank1
down,cell_1_53,cell_1_54
empty,cell_1_54
act_down,rover,cell_1_53,cell_1_54
robot_at,rover,cell_1_54
empty,cell_1_53
down,cell_1_54,cell_1_55
empty,cell_1_55
act_down,rover,cell_1_54,cell_1_55
robot_at,rover,cell_1_55
empty,cell_1_54
tank_at,tank2,cell_2_55
right,cell_1_55,cell_2_55
act_inspect_right,rover,cell_1_55,cell_2_55,tank2
inspected,tank2
robot_at,rover,cell_0_54
right,cell_0_54,cell_1_54
empty,cell_1_54
act_right,rover,cell_0_54,cell_1_54
robot_at,rover,cell_1_54
empty,cell_0_54
tank_at,tank1,cell_2_54
right,cell_1_54,cell_2_54
act_inspect_right,rover,cell_1_54,cell_2_54,tank1
inspected,tank1
down,cell_1_54,cell_1_55
empty,cell_1_55
act_down,rover,cell_1_54,cell_1_55
robot_at,rover,cell_1_55
empty,cell_1_54
down,cell_1_55,cell_1_56
empty,cell_1_56
act_down,rover,cell_1_55,cell_1_56
robot_at,rover,cell_1_56
empty,cell_1_55
tank_at,tank2,cell_2_56
right,cell_1_56,cell_2_56
act_inspect_right,rover,cell_1_56,cell_2_56,tank2
inspected,tank2
robot_at,rover,cell_0_55
right,cell_0_55,cell_1_55
empty,cell_1_55
act_right,rover,cell_0_55,cell_1_55
robot_at,rover,cell_1_55
empty,cell_0_55
tank_at,tank1,cell_2_55
right,cell_1_55,cell_2_55
act_inspect_right,rover,cell_1_55,cell_2_55,tank1
inspected,tank1
down,cell_1_55,cell_1_56
empty,cell_1_56
act_down,rover,cell_1_55,cell_1_56
robot_at,rover,cell_1_56
empty,cell_1_55
down,cell_1_56,cell_1_57
empty,cell_1_57
act_down,rover,cell_1_56,cell_1_57
robot_at,rover,cell_1_57
empty,cell_1_56
tank_at,tank2,cell_2_57
right,cell_1_57,cell_2_57
act_inspect_right,rover,cell_1_57,cell_2_57,tank2
inspected,tank2
robot_at,rover,cell_0_56
right,cell_0_56,cell_1_56
empty,cell_1_56
act_right,rover,cell_0_56,cell_1_56
robot_at,rover,cell_1_56
empty,cell_0_56
tank_at,tank1,cell_2_56
right,cell_1_56,cell_2_56
act_inspect_right,rover,cell_1_56,cell_2_56,tank1
inspected,tank1
down,cell_1_56,cell_1_57
empty,cell_1_57
act_down,rover,cell_1_56,cell_1_57
robot_at,rover,cell_1_57
empty,cell_1_56
down,cell_1_57,cell_1_58
empty,cell_1_58
act_down,rover,cell_1_57,cell_1_58
robot_at,rover,cell_1_58
empty,cell_1_57
tank_at,tank2,cell_2_58
right,cell_1_58,cell_2_58
act_inspect_right,rover,cell_1_58,cell_2_58,tank2
inspected,tank2
robot_at,rover,cell_0_57
right,cell_0_57,cell_1_57
empty,cell_1_57
act_right,rover,cell_0_57,cell_1_57
robot_at,rover,cell_1_57
empty,cell_0_57
tank_at,tank1,cell_2_57
right,cell_1_57,cell_2_57
act_inspect_right,rover,cell_1_57,cell_2_57,tank1
inspected,tank1
down,cell_1_57,cell_1_58
empty,cell_1_58
act_down,rover,cell_1_57,cell_1_58
robot_at,rover,cell_1_58
empty,cell_1_57
down,cell_1_58,cell_1_59
empty,cell_1_59
act_down,rover,cell_1_58,cell_1_59
robot_at,rover,cell_1_59
empty,cell_1_58
tank_at,tank2,cell_2_59
right,cell_1_59,cell_2_59
act_inspect_right,rover,cell_1_59,cell_2_59,tank2
inspected,tank2
robot_at,rover,cell_0_58
right,cell_0_58,cell_1_58
empty,cell_1_58
act_right,rover,cell_0_58,cell_1_58
robot_at,rover,cell_1_58
empty,cell_0_58
tank_at,tank1,cell_2_58
right,cell_1_58,cell_2_58
act_inspect_right,rover,cell_1_58,cell_2_58,tank1
inspected,tank1
down,cell_1_58,cell_1_59
empty,cell_1_59
act_down,rover,cell_1_58,cell_1_59
robot_at,rover,cell_1_59
empty,cell_1_58
down,cell_1_59,cell_1_60
empty,cell_1_60
act_down,rover,cell_1_59,cell_1_60
robot_at,rover,cell_1_60
empty,cell_1_59
tank_at,tank2,cell_2_60
right,cell_1_60,cell_2_60
act_inspect_right,rover,cell_1_60,cell_2_60,tank2
inspected,tank2
robot_at,rover,cell_0_59
right,cell_0_59,cell_1_59
empty,cell_1_59
act_right,rover,cell_0_59,cell_1_59
robot_at,rover,cell_1_59
empty,cell_0_59
tank_at,tank1,cell_2_59
right,cell_1_59,cell_2_59
act_inspect_right,rover,cell_1_59,cell_2_59,tank1
inspected,tank1
down,cell_1_59,cell_1_60
empty,cell_1_60
act_down,rover,cell_1_59,cell_1_60
robot_at,rover,cell_1_60
empty,cell_1_59
down,cell_1_60,cell_1_61
empty,cell_1_61
act_down,rover,cell_1_60,cell_1_61
robot_at,rover,cell_1_61
empty,cell_1_60
tank_at,tank2,cell_2_61
right,cell_1_61,cell_2_61
act_inspect_right,rover,cell_1_61,cell_2_61,tank2
inspected,tank2
robot_at,rover,cell_0_60
right,cell_0_60,cell_1_60
empty,cell_1_60
act_right,rover,cell_0_60,cell_1_60
robot_at,rover,cell_1_60
empty,cell_0_60
tank_at,tank1,cell_2_60
right,cell_1_60,cell_2_60
act_inspect_right,rover,cell_1_60,cell_2_60,tank1
inspected,tank1
down,cell_1_60,cell_1_61
empty,cell_1_61
act_down,rover,cell_1_60,cell_1_61
robot_at,rover,cell_1_61
empty,cell_1_60
down,cell_1_61,cell_1_62
empty,cell_1_62
act_down,rover,cell_1_61,cell_1_62
robot_at,rover,cell_1_62
empty,cell_1_61
tank_at,tank2,cell_2_62
right,cell_1_62,cell_2_62
act_inspect_right,rover,cell_1_62,cell_2_62,tank2
inspected,tank2
robot_at,rover,cell_0_61
right,cell_0_61,cell_1_61
empty,cell_1_61
act_right,rover,cell_0_61,cell_1_61
robot_at,rover,cell_1_61
empty,cell_0_61
tank_at,tank1,cell_2_61
right,cell_1_61,cell_2_61
act_inspect_right,rover,cell_1_61,cell_2_61,tank1
inspected,tank1
down,cell_1_61,cell_1_62
empty,cell_1_62
act_down,rover,cell_1_61,cell_1_62
robot_at,rover,cell_1_62
empty,cell_1_61
down,cell_1_62,cell_1_63
empty,cell_1_63
act_down,rover,cell_1_62,cell_1_63
robot_at,rover,cell_1_63
empty,cell_1_62
tank_at,tank2,cell_2_63
right,cell_1_63,cell_2_63
act_inspect_right,rover,cell_1_63,cell_2_63,tank2
inspected,tank2
robot_at,rover,cell_0_62
right,cell_0_62,cell_1_62
empty,cell_1_62
act_right,rover,cell_0_62,cell_1_62
robot_at,rover,cell_1_62
empty,cell_0_62
tank_at,tank1,cell_2_62
right,cell_1_62,cell_2_62
act_inspect_right,rover,cell_1_62,cell_2_62,tank1
inspected,tank1
down,cell_1_62,cell_1_63
empty,cell_1_63
act_down,rover,cell_1_62,cell_1_63
robot_at,rover,cell_1_63
empty,cell_1_62
down,cell_1_63,cell_1_64
empty,cell_1_64
act_down,rover,cell_1_63,cell_1_64
robot_at,rover,cell_1_64
empty,cell_1_63
tank_at,tank2,cell_2_64
right,cell_1_64,cell_2_64
act_inspect_right,rover,cell_1_64,cell_2_64,tank2
inspected,tank2
robot_at,rover,cell_0_63
right,cell_0_63,cell_1_63
empty,cell_1_63
act_right,rover,cell_0_63,cell_1_63
robot_at,rover,cell_1_63
empty,cell_0_63
tank_at,tank1,cell_2_63
right,cell_1_63,cell_2_63
act_inspect_right,rover,cell_1_63,cell_2_63,tank1
inspected,tank1
down,cell_1_63,cell_1_64
empty,cell_1_64
act_down,rover,cell_1_63,cell_1_64
robot_at,rover,cell_1_64
empty,cell_1_63
down,cell_1_64,cell_1_65
empty,cell_1_65
act_down,rover,cell_1_64,cell_1_65
robot_at,rover,cell_1_65
empty,cell_1_64
tank_at,tank2,cell_2_65
right,cell_1_65,cell_2_65
act_inspect_right,rover,cell_1_65,cell_2_65,tank2
inspected,tank2
robot_at,rover,cell_0_64
right,cell_0_64,cell_1_64
empty,cell_1_64
act_right,rover,cell_0_64,cell_1_64
robot_at,rover,cell_1_64
empty,cell_0_64
tank_at,tank1,cell_2_64
right,cell_1_64,cell_2_64
act_inspect_right,rover,cell_1_64,cell_2_64,tank1
inspected,tank1
down,cell_1_64,cell_1_65
empty,cell_1_65
act_down,rover,cell_1_64,cell_1_65
robot_at,rover,cell_1_65
empty,cell_1_64
down,cell_1_65,cell_1_66
empty,cell_1_66
act_down,rover,cell_1_65,cell_1_66
robot_at,rover,cell_1_66
empty,cell_1_65
tank_at,tank2,cell_2_66
right,cell_1_66,cell_2_66
act_inspect_right,rover,cell_1_66,cell_2_66,tank2
inspected,tank2
robot_at,rover,cell_0_65
right,cell_0_65,cell_1_65
empty,cell_1_65
act_right,rover,cell_0_65,cell_1_65
robot_at,rover,cell_1_65
empty,cell_0_65
tank_at,tank1,cell_2_65
right,cell_1_65,cell_2_65
act_inspect_right,rover,cell_1_65,cell_2_65,tank1
inspected,tank1
down,cell_1_65,cell_1_66
empty,cell_1_66
act_down,rover,cell_1_65,cell_1_66
robot_at,rover,cell_1_66
empty,cell_1_65
down,cell_1_66,cell_1_67
empty,cell_1_67
act_down,rover,cell_1_66,cell_1_67
robot_at,rover,cell_1_67
empty,cell_1_66
tank_at,tank2,cell_2_67
right,cell_1_67,cell_2_67
act_inspect_right,rover,cell_1_67,cell_2_67,tank2
inspected,tank2
robot_at,rover,cell_0_66
right,cell_0_66,cell_1_66
empty,cell_1_66
act_right,rover,cell_0_66,cell_1_66
robot_at,rover,cell_1_66
empty,cell_0_66
tank_at,tank1,cell_2_66
right,cell_1_66,cell_2_66
act_inspect_right,rover,cell_1_66,cell_2_66,tank1
inspected,tank1
down,cell_1_66,cell_1_67
empty,cell_1_67
act_down,rover,cell_1_66,cell_1_67
robot_at,rover,cell_1_67
empty,cell_1_66
down,cell_1_67,cell_1_68
empty,cell_1_68
act_down,rover,cell_1_67,cell_1_68
robot_at,rover,cell_1_68
empty,cell_1_67
tank_at,tank2,cell_2_68
right,cell_1_68,cell_2_68
act_inspect_right,rover,cell_1_68,cell_2_68,tank2
inspected,tank2
robot_at,rover,cell_0_67
right,cell_0_67,cell_1_67
empty,cell_1_67
act_right,rover,cell_0_67,cell_1_67
robot_at,rover,cell_1_67
empty,cell_0_67
tank_at,tank1,cell_2_67
right,cell_1_67,cell_2_67
act_inspect_right,rover,cell_1_67,cell_2_67,tank1
inspected,tank1
down,cell_1_67,cell_1_68
empty,cell_1_68
act_down,rover,cell_1_67,cell_1_68
robot_at,rover,cell_1_68
empty,cell_1_67
down,cell_1_68,cell_1_69
empty,cell_1_69
act_down,rover,cell_1_68,cell_1_69
robot_at,rover,cell_1_69
empty,cell_1_68
tank_at,tank2,cell_2_69
right,cell_1_69,cell_2_69
act_inspect_right,rover,cell_1_69,cell_2_69,tank2
inspected,tank2
robot_at,rover,cell_0_68
right,cell_0_68,cell_1_68
empty,cell_1_68
act_right,rover,cell_0_68,cell_1_68
robot_at,rover,cell_1_68
empty,cell_0_68
tank_at,tank1,cell_2_68
right,cell_1_68,cell_2_68
act_inspect_right,rover,cell_1_68,cell_2_68,tank1
inspected,tank1
down,cell_1_68,cell_1_69
empty,cell_1_69
act_down,rover,cell_1_68,cell_1_69
robot_at,rover,cell_1_69
empty,cell_1_68
down,cell_1_69,cell_1_70
empty,cell_1_70
act_down,rover,cell_1_69,cell_1_70
robot_at,rover,cell_1_70
empty,cell_1_69
tank_at,tank2,cell_2_70
right,cell_1_70,cell_2_70
act_inspect_right,rover,cell_1_70,cell_2_70,tank2
inspected,tank2
robot_at,rover,cell_0_69
right,cell_0_69,cell_1_69
empty,cell_1_69
act_right,rover,cell_0_69,cell_1_69
robot_at,rover,cell_1_69
empty,cell_0_69
tank_at,tank1,cell_2_69
right,cell_1_69,cell_2_69
act_inspect_right,rover,cell_1_69,cell_2_69,tank1
inspected,tank1
down,cell_1_69,cell_1_70
empty,cell_1_70
act_down,rover,cell_1_69,cell_1_70
robot_at,rover,cell_1_70
empty,cell_1_69
down,cell_1_70,cell_1_71
empty,cell_1_71
act_down,rover,cell_1_70,cell_1_71
robot_at,rover,cell_1_71
empty,cell_1_70
tank_at,tank2,cell_2_71
right,cell_1_71,cell_2_71
act_inspect_right,rover,cell_1_71,cell_2_71,tank2
inspected,tank2
robot_at,rover,cell_0_70
right,cell_0_70,cell_1_70
empty,cell_1_70
act_right,rover,cell_0_70,cell_1_70
robot_at,rover,cell_1_70
empty,cell_0_70
tank_at,tank1,cell_2_70
right,cell_1_70,cell_2_70
act_inspect_right,rover,cell_1_70,cell_2_70,tank1
inspected,tank1
down,cell_1_70,cell_1_71
empty,cell_1_71
act_down,rover,cell_1_70,cell_1_71
robot_at,rover,cell_1_71
empty,cell_1_70
down,cell_1_71,cell_1_72
empty,cell_1_72
act_down,rover,cell_1_71,cell_1_72
robot_at,rover,cell_1_72
empty,cell_1_71
tank_at,tank2,cell_2_72
right,cell_1_72,cell_2_72
act_inspect_right,rover,cell_1_72,cell_2_72,tank2
inspected,tank2
robot_at,rover,cell_0_71
right,cell_0_71,cell_1_71
empty,cell_1_71
act_right,rover,cell_0_71,cell_1_71
robot_at,rover,cell_1_71
empty,cell_0_71
tank_at,tank1,cell_2_71
right,cell_1_71,cell_2_71
act_inspect_right,rover,cell_1_71,cell_2_71,tank1
inspected,tank1
down,cell_1_71,cell_1_72
empty,cell_1_72
act_down,rover,cell_1_71,cell_1_72
robot_at,rover,cell_1_72
empty,cell_1_71
down,cell_1_72,cell_1_73
empty,cell_1_73
act_down,rover,cell_1_72,cell_1_73
robot_at,rover,cell_1_73
empty,cell_1_72
tank_at,tank2,cell_2_73
right,cell_1_73,cell_2_73
act_inspect_right,rover,cell_1_73,cell_2_73,tank2
inspected,tank2
robot_at,rover,cell_0_72
right,cell_0_72,cell_1_72
empty,cell_1_72
act_right,rover,cell_0_72,cell_1_72
robot_at,rover,cell_1_72
empty,cell_0_72
tank_at,tank1,cell_2_72
right,cell_1_72,cell_2_72
act_inspect_right,rover,cell_1_72,cell_2_72,tank1
inspected,tank1
down,cell_1_72,cell_1_73
empty,cell_1_73
act_down,rover,cell_1_72,cell_1_73
robot_at,rover,cell_1_73
empty,cell_1_72
down,cell_1_73,cell_1_74
empty,cell_1_74
act_down,rover,cell_1_73,cell_1_74
robot_at,rover,cell_1_74
empty,cell_1_73
tank_at,tank2,cell_2_74
right,cell_1_74,cell_2_74
act_inspect_right,rover,cell_1_74,cell_2_74,tank2
inspected,tank2
robot_at,rover,cell_0_73
right,cell_0_73,cell_1_73
empty,cell_1_73
act_right,rover,cell_0_73,cell_1_73
robot_at,rover,cell_1_73
empty,cell_0_73
tank_at,tank1,cell_2_73
right,cell_1_73,cell_2_73
act_inspect_right,rover,cell_1_73,cell_2_73,tank1
inspected,tank1
down,cell_1_73,cell_1_74
empty,cell_1_74
act_down,rover,cell_1_73,cell_1_74
robot_at,rover,cell_1_74
empty,cell_1_73
down,cell_1_74,cell_1_75
empty,cell_1_75
act_down,rover,cell_1_74,cell_1_75
robot_at,rover,cell_1_75
empty,cell_1_74
tank_at,tank2,cell_2_75
right,cell_1_75,cell_2_75
act_inspect_right,rover,cell_1_75,cell_2_75,tank2
inspected,tank2
robot_at,rover,cell_0_74
right,cell_0_74,cell_1_74
empty,cell_1_74
act_right,rover,cell_0_74,cell_1_74
robot_at,rover,cell_1_74
empty,cell_0_74
tank_at,tank1,cell_2_74
right,cell_1_74,cell_2_74
act_inspect_right,rover,cell_1_74,cell_2_74,tank1
inspected,tank1
down,cell_1_74,cell_1_75
empty,cell_1_75
act_down,rover,cell_1_74,cell_1_75
robot_at,rover,cell_1_75
empty,cell_1_74
down,cell_1_75,cell_1_76
empty,cell_1_76
act_down,rover,cell_1_75,cell_1_76
robot_at,rover,cell_1_76
empty,cell_1_75
tank_at,tank2,cell_2_76
right,cell_1_76,cell_2_76
act_inspect_right,rover,cell_1_76,cell_2_76,tank2
inspected,tank2
robot_at,rover,cell_0_75
right,cell_0_75,cell_1_75
empty,cell_1_75
act_right,rover,cell_0_75,cell_1_75
robot_at,rover,cell_1_75
empty,cell_0_75
tank_at,tank1,cell_2_75
right,cell_1_75,cell_2_75
act_inspect_right,rover,cell_1_75,cell_2_75,tank1
inspected,tank1
down,cell_1_75,cell_1_76
empty,cell_1_76
act_down,rover,cell_1_75,cell_1_76
robot_at,rover,cell_1_76
empty,cell_1_75
down,cell_1_76,cell_1_77
empty,cell_1_77
act_down,rover,cell_1_76,cell_1_77
robot_at,rover,cell_1_77
empty,cell_1_76
tank_at,tank2,cell_2_77
right,cell_1_77,cell_2_77
act_inspect_right,rover,cell_1_77,cell_2_77,tank2
inspected,tank2
robot_at,rover,cell_0_76
right,cell_0_76,cell_1_76
empty,cell_1_76
act_right,rover,cell_0_76,cell_1_76
robot_at,rover,cell_1_76
empty,cell_0_76
tank_at,tank1,cell_2_76
right,cell_1_76,cell_2_76
act_inspect_right,rover,cell_1_76,cell_2_76,tank1
inspected,tank1
down,cell_1_76,cell_1_77
empty,cell_1_77
act_down,rover,cell_1_76,cell_1_77
robot_at,rover,cell_1_77
empty,cell_1_76
down,cell_1_77,cell_1_78
empty,cell_1_78
act_down,rover,cell_1_77,cell_1_78
robot_at,rover,cell_1_78
empty,cell_1_77
tank_at,tank2,cell_2_78
right,cell_1_78,cell_2_78
act_inspect_right,rover,cell_1_78,cell_2_78,tank2
inspected,tank2
robot_at,rover,cell_0_77
right,cell_0_77,cell_1_77
empty,cell_1_77
act_right,rover,cell_0_77,cell_1_77
robot_at,rover,cell_1_77
empty,cell_0_77
tank_at,tank1,cell_2_77
right,cell_1_77,cell_2_77
act_inspect_right,rover,cell_1_77,cell_2_77,tank1
inspected,tank1
down,cell_1_77,cell_1_78
empty,cell_1_78
act_down,rover,cell_1_77,cell_1_78
robot_at,rover,cell_1_78
empty,cell_1_77
down,cell_1_78,cell_1_79
empty,cell_1_79
act_down,rover,cell_1_78,cell_1_79
robot_at,rover,cell_1_79
empty,cell_1_78
tank_at,tank2,cell_2_79
right,cell_1_79,cell_2_79
act_inspect_right,rover,cell_1_79,cell_2_79,tank2
inspected,tank2
robot_at,rover,cell_0_78
right,cell_0_78,cell_1_78
empty,cell_1_78
act_right,rover,cell_0_78,cell_1_78
robot_at,rover,cell_1_78
empty,cell_0_78
tank_at,tank1,cell_2_78
right,cell_1_78,cell_2_78
act_inspect_right,rover,cell_1_78,cell_2_78,tank1
inspected,tank1
down,cell_1_78,cell_1_79
empty,cell_1_79
act_down,rover,cell_1_78,cell_1_79
robot_at,rover,cell_1_79
empty,cell_1_78
down,cell_1_79,cell_1_80
empty,cell_1_80
act_down,rover,cell_1_79,cell_1_80
robot_at,rover,cell_1_80
empty,cell_1_79
tank_at,tank2,cell_2_80
right,cell_1_80,cell_2_80
act_inspect_right,rover,cell_1_80,cell_2_80,tank2
inspected,tank2
robot_at,rover,cell_0_79
right,cell_0_79,cell_1_79
empty,cell_1_79
act_right,rover,cell_0_79,cell_1_79
robot_at,rover,cell_1_79
empty,cell_0_79
tank_at,tank1,cell_2_79
right,cell_1_79,cell_2_79
act_inspect_right,rover,cell_1_79,cell_2_79,tank1
inspected,tank1
down,cell_1_79,cell_1_80
empty,cell_1_80
act_down,rover,cell_1_79,cell_1_80
robot_at,rover,cell_1_80
empty,cell_1_79
down,cell_1_80,cell_1_81
empty,cell_1_81
act_down,rover,cell_1_80,cell_1_81
robot_at,rover,cell_1_81
empty,cell_1_80
tank_at,tank2,cell_2_81
right,cell_1_81,cell_2_81
act_inspect_right,rover,cell_1_81,cell_2_81,tank2
inspected,tank2
robot_at,rover,cell_0_80
right,cell_0_80,cell_1_80
empty,cell_1_80
act_right,rover,cell_0_80,cell_1_80
robot_at,rover,cell_1_80
empty,cell_0_80
tank_at,tank1,cell_2_80
right,cell_1_80,cell_2_80
act_inspect_right,rover,cell_1_80,cell_2_80,tank1
inspected,tank1
down,cell_1_80,cell_1_81
empty,cell_1_81
act_down,rover,cell_1_80,cell_1_81
robot_at,rover,cell_1_81
empty,cell_1_80
down,cell_1_81,cell_1_82
empty,cell_1_82
act_down,rover,cell_1_81,cell_1_82
robot_at,rover,cell_1_82
empty,cell_1_81
tank_at,tank2,cell_2_82
right,cell_1_82,cell_2_82
act_inspect_right,rover,cell_1_82,cell_2_82,tank2
inspected,tank2
robot_at,rover,cell_0_81
right,cell_0_81,cell_1_81
empty,cell_1_81
act_right,rover,cell_0_81,cell_1_81
robot_at,rover,cell_1_81
empty,cell_0_81
tank_at,tank1,cell_2_81
right,cell_1_81,cell_2_81
act_inspect_right,rover,cell_1_81,cell_2_81,tank1
inspected,tank1
down,cell_1_81,cell_1_82
empty,cell_1_82
act_down,rover,cell_1_81,cell_1_82
robot_at,rover,cell_1_82
empty,cell_1_81
down,cell_1_82,cell_1_83
empty,cell_1_83
act_down,rover,cell_1_82,cell_1_83
robot_at,rover,cell_1_83
empty,cell_1_82
tank_at,tank2,cell_2_83
right,cell_1_83,cell_2_83
act_inspect_right,rover,cell_1_83,cell_2_83,tank2
inspected,tank2
robot_at,rover,cell_0_82
right,cell_0_82,cell_1_82
empty,cell_1_82
act_right,rover,cell_0_82,cell_1_82
robot_at,rover,cell_1_82
empty,cell_0_82
tank_at,tank1,cell_2_82
right,cell_1_82,cell_2_82
act_inspect_right,rover,cell_1_82,cell_2_82,tank1
inspected,tank1
down,cell_1_82,cell_1_83
empty,cell_1_83
act_down,rover,cell_1_82,cell_1_83
robot_at,rover,cell_1_83
empty,cell_1_82
down,cell_1_83,cell_1_84
empty,cell_1_84
act_down,rover,cell_1_83,cell_1_84
robot_at,rover,cell_1_84
empty,cell_1_83
tank_at,tank2,cell_2_84
right,cell_1_84,cell_2_84
act_inspect_right,rover,cell_1_84,cell_2_84,tank2
inspected,tank2
robot_at,rover,cell_0_83
right,cell_0_83,cell_1_83
empty,cell_1_83
act_right,rover,cell_0_83,cell_1_83
robot_at,rover,cell_1_83
empty,cell_0_83
tank_at,tank1,cell_2_83
right,cell_1_83,cell_2_83
act_inspect_right,rover,cell_1_83,cell_2_83,tank1
inspected,tank1
down,cell_1_83,cell_1_84
empty,cell_1_84
act_down,rover,cell_1_83,cell_1_84
robot_at,rover,cell_1_84
empty,cell_1_83
down,cell_1_84,cell_1_85
empty,cell_1_85
act_down,rover,cell_1_84,cell_1_85
robot_at,rover,cell_1_85
empty,cell_1_84
tank_at,tank2,cell_2_85
right,cell_1_85,cell_2_85
act_inspect_right,rover,cell_1_85,cell_2_85,tank2
inspected,tank2
robot_at,rover,cell_0_84
right,cell_0_84,cell_1_84
empty,cell_1_84
act_right,rover,cell_0_84,cell_1_84
robot_at,rover,cell_1_84
empty,cell_0_84
tank_at,tank1,cell_2_84
right,cell_1_84,cell_2_84
act_inspect_right,rover,cell_1_84,cell_2_84,tank1
inspected,tank1
down,cell_1_84,cell_1_85
empty,cell_1_85
act_down,rover,cell_1_84,cell_1_85
robot_at,rover,cell_1_85
empty,cell_1_84
down,cell_1_85,cell_1_86
empty,cell_1_86
act_down,rover,cell_1_85,cell_1_86
robot_at,rover,cell_1_86
empty,cell_1_85
tank_at,tank2,cell_2_86
right,cell_1_86,cell_2_86
act_inspect_right,rover,cell_1_86,cell_2_86,tank2
inspected,tank2
robot_at,rover,cell_0_85
right,cell_0_85,cell_1_85
empty,cell_1_85
act_right,rover,cell_0_85,cell_1_85
robot_at,rover,cell_1_85
empty,cell_0_85
tank_at,tank1,cell_2_85
right,cell_1_85,cell_2_85
act_inspect_right,rover,cell_1_85,cell_2_85,tank1
inspected,tank1
down,cell_1_85,cell_1_86
empty,cell_1_86
act_down,rover,cell_1_85,cell_1_86
robot_at,rover,cell_1_86
empty,cell_1_85
down,cell_1_86,cell_1_87
empty,cell_1_87
act_down,rover,cell_1_86,cell_1_87
robot_at,rover,cell_1_87
empty,cell_1_86
tank_at,tank2,cell_2_87
right,cell_1_87,cell_2_87
act_inspect_right,rover,cell_1_87,cell_2_87,tank2
inspected,tank2
robot_at,rover,cell_0_86
right,cell_0_86,cell_1_86
empty,cell_1_86
act_right,rover,cell_0_86,cell_1_86
robot_at,rover,cell_1_86
empty,cell_0_86
tank_at,tank1,cell_2_86
right,cell_1_86,cell_2_86
act_inspect_right,rover,cell_1_86,cell_2_86,tank1
inspected,tank1
down,cell_1_86,cell_1_87
empty,cell_1_87
act_down,rover,cell_1_86,cell_1_87
robot_at,rover,cell_1_87
empty,cell_1_86
down,cell_1_87,cell_1_88
empty,cell_1_88
act_down,rover,cell_1_87,cell_1_88
robot_at,rover,cell_1_88
empty,cell_1_87
tank_at,tank2,cell_2_88
right,cell_1_88,cell_2_88
act_inspect_right,rover,cell_1_88,cell_2_88,tank2
inspected,tank2
robot_at,rover,cell_0_87
right,cell_0_87,cell_1_87
empty,cell_1_87
act_right,rover,cell_0_87,cell_1_87
robot_at,rover,cell_1_87
empty,cell_0_87
tank_at,tank1,cell_2_87
right,cell_1_87,cell_2_87
act_inspect_right,rover,cell_1_87,cell_2_87,tank1
inspected,tank1
down,cell_1_87,cell_1_88
empty,cell_1_88
act_down,rover,cell_1_87,cell_1_88
robot_at,rover,cell_1_88
empty,cell_1_87
down,cell_1_88,cell_1_89
empty,cell_1_89
act_down,rover,cell_1_88,cell_1_89
robot_at,rover,cell_1_89
empty,cell_1_88
tank_at,tank2,cell_2_89
right,cell_1_89,cell_2_89
act_inspect_right,rover,cell_1_89,cell_2_89,tank2
inspected,tank2
robot_at,rover,cell_0_88
right,cell_0_88,cell_1_88
empty,cell_1_88
act_right,rover,cell_0_88,cell_1_88
robot_at,rover,cell_1_88
empty,cell_0_88
tank_at,tank1,cell_2_88
right,cell_1_88,cell_2_88
act_inspect_right,rover,cell_1_88,cell_2_88,tank1
inspected,tank1
down,cell_1_88,cell_1_89
empty,cell_1_89
act_down,rover,cell_1_88,cell_1_89
robot_at,rover,cell_1_89
empty,cell_1_88
down,cell_1_89,cell_1_90
empty,cell_1_90
act_down,rover,cell_1_89,cell_1_90
robot_at,rover,cell_1_90
empty,cell_1_89
tank_at,tank2,cell_2_90
right,cell_1_90,cell_2_90
act_inspect_right,rover,cell_1_90,cell_2_90,tank2
inspected,tank2
robot_at,rover,cell_0_89
right,cell_0_89,cell_1_89
empty,cell_1_89
act_right,rover,cell_0_89,cell_1_89
robot_at,rover,cell_1_89
empty,cell_0_89
tank_at,tank1,cell_2_89
right,cell_1_89,cell_2_89
act_inspect_right,rover,cell_1_89,cell_2_89,tank1
inspected,tank1
down,cell_1_89,cell_1_90
empty,cell_1_90
act_down,rover,cell_1_89,cell_1_90
robot_at,rover,cell_1_90
empty,cell_1_89
down,cell_1_90,cell_1_91
empty,cell_1_91
act_down,rover,cell_1_90,cell_1_91
robot_at,rover,cell_1_91
empty,cell_1_90
tank_at,tank2,cell_2_91
right,cell_1_91,cell_2_91
act_inspect_right,rover,cell_1_91,cell_2_91,tank2
inspected,tank2
robot_at,rover,cell_0_90
right,cell_0_90,cell_1_90
empty,cell_1_90
act_right,rover,cell_0_90,cell_1_90
robot_at,rover,cell_1_90
empty,cell_0_90
tank_at,tank1,cell_2_90
right,cell_1_90,cell_2_90
act_inspect_right,rover,cell_1_90,cell_2_90,tank1
inspected,tank1
down,cell_1_90,cell_1_91
empty,cell_1_91
act_down,rover,cell_1_90,cell_1_91
robot_at,rover,cell_1_91
empty,cell_1_90
down,cell_1_91,cell_1_92
empty,cell_1_92
act_down,rover,cell_1_91,cell_1_92
robot_at,rover,cell_1_92
empty,cell_1_91
tank_at,tank2,cell_2_92
right,cell_1_92,cell_2_92
act_inspect_right,rover,cell_1_92,cell_2_92,tank2
inspected,tank2
